{
  "dataset": {
    "name": "Breast Cancer Wisconsin (Diagnostic)",
    "source": "UCI Machine Learning Repository / sklearn",
    "n_samples": 569,
    "n_features": 30,
    "features": [
      "mean radius",
      "mean texture",
      "mean perimeter",
      "mean area",
      "mean smoothness",
      "mean compactness",
      "mean concavity",
      "mean concave points",
      "mean symmetry",
      "mean fractal dimension",
      "radius error",
      "texture error",
      "perimeter error",
      "area error",
      "smoothness error",
      "compactness error",
      "concavity error",
      "concave points error",
      "symmetry error",
      "fractal dimension error",
      "worst radius",
      "worst texture",
      "worst perimeter",
      "worst area",
      "worst smoothness",
      "worst compactness",
      "worst concavity",
      "worst concave points",
      "worst symmetry",
      "worst fractal dimension"
    ],
    "class_names": [
      "Malignant",
      "Benign"
    ],
    "class_counts": {
      "malignant": 212,
      "benign": 357
    },
    "means": [
      14.127292,
      19.289649,
      91.969033,
      654.889104,
      0.09636,
      0.104341,
      0.088799,
      0.048919,
      0.181162,
      0.062798,
      0.405172,
      1.216853,
      2.866059,
      40.337079,
      0.007041,
      0.025478,
      0.031894,
      0.011796,
      0.020542,
      0.003795,
      16.26919,
      25.677223,
      107.261213,
      880.583128,
      0.132369,
      0.254265,
      0.272188,
      0.114606,
      0.290076,
      0.083946
    ],
    "stds": [
      3.524049,
      4.301036,
      24.298981,
      351.914129,
      0.014064,
      0.052813,
      0.07972,
      0.038803,
      0.027414,
      0.00706,
      0.277313,
      0.551648,
      2.021855,
      45.491006,
      0.003003,
      0.017908,
      0.030186,
      0.00617,
      0.008266,
      0.002646,
      4.833242,
      6.146258,
      33.602542,
      569.356993,
      0.022832,
      0.157336,
      0.208624,
      0.065732,
      0.061867,
      0.018061
    ],
    "mins": [
      6.981,
      9.71,
      43.79,
      143.5,
      0.05263,
      0.01938,
      0.0,
      0.0,
      0.106,
      0.04996,
      0.1115,
      0.3602,
      0.757,
      6.802,
      0.001713,
      0.002252,
      0.0,
      0.0,
      0.007882,
      0.000895,
      7.93,
      12.02,
      50.41,
      185.2,
      0.07117,
      0.02729,
      0.0,
      0.0,
      0.1565,
      0.05504
    ],
    "maxs": [
      28.11,
      39.28,
      188.5,
      2501.0,
      0.1634,
      0.3454,
      0.4268,
      0.2012,
      0.304,
      0.09744,
      2.873,
      4.885,
      21.98,
      542.2,
      0.03113,
      0.1354,
      0.396,
      0.05279,
      0.07895,
      0.02984,
      36.04,
      49.54,
      251.2,
      4254.0,
      0.2226,
      1.058,
      1.252,
      0.291,
      0.6638,
      0.2075
    ]
  },
  "models": {
    "logistic_regression": {
      "accuracy": 0.9825,
      "auc": 0.9954,
      "cv_mean": 0.9737,
      "cv_std": 0.0166,
      "confusion_matrix": [
        [
          41,
          1
        ],
        [
          1,
          71
        ]
      ]
    },
    "ann_mlp": {
      "accuracy": 0.9123,
      "auc": 0.9821,
      "cv_mean": 0.9701,
      "cv_std": 0.0089,
      "confusion_matrix": [
        [
          39,
          3
        ],
        [
          7,
          65
        ]
      ],
      "architecture": "30 \u2192 128 \u2192 64 \u2192 32 \u2192 2"
    }
  },
  "best_model": "Logistic Regression",
  "top10_features": [
    [
      "worst texture",
      1.2551
    ],
    [
      "radius error",
      1.083
    ],
    [
      "worst concave points",
      0.9537
    ],
    [
      "worst area",
      0.9478
    ],
    [
      "worst radius",
      0.9476
    ],
    [
      "worst symmetry",
      0.9392
    ],
    [
      "area error",
      0.9291
    ],
    [
      "worst concavity",
      0.8232
    ],
    [
      "worst perimeter",
      0.7632
    ],
    [
      "worst smoothness",
      0.7466
    ]
  ],
  "roc_curve": {
    "fpr": [
      0.0,
      0.0,
      0.0,
      0.0238,
      0.0238,
      0.0476,
      0.0476,
      0.0714,
      0.0714,
      0.0952,
      0.0952,
      0.119,
      0.119,
      1.0
    ],
    "tpr": [
      0.0,
      0.0139,
      0.75,
      0.75,
      0.7778,
      0.7778,
      0.875,
      0.875,
      0.9028,
      0.9028,
      0.9444,
      0.9444,
      1.0,
      1.0
    ],
    "auc": 0.9821
  }
}